"channel_name","total_conversions","total_conversion_value"
"1",1196,24117.8801315064
"20",1196,24117.8801315064
"12",0,0
"14",0,0
"13",0,0
"3",0,0
"17",0,0
"6",0,0
"8",0,0
"10",0,0
"11",0,0
"16",0,0
"2",0,0
"4",0,0
"7",0,0
"5",0,0
"9",0,0
"15",0,0
"18",0,0
"19",0,0
